{"cameraMode":{"drawMode":0,"name":"Shaded","section":"Shading Mode"},"sceneLighting":false,"audioPlay":false,"sceneViewState":{"m_AlwaysRefresh":false,"showFog":true,"showSkybox":false,"showFlares":true,"showImageEffects":true,"showParticleSystems":true,"showVisualEffectGraphs":true,"m_FxEnabled":true},"in2DMode":false,"pivot":{"x":22.168169021606447,"y":-12.427787780761719,"z":15.417933464050293},"rotation":{"x":0.19112080335617066,"y":0.4900807738304138,"z":-0.11108322441577912,"w":0.8431850671768189},"size":17.46676254272461,"orthographic":false}