{"cameraMode":{"drawMode":0,"name":"Shaded","section":"Shading Mode"},"sceneLighting":false,"audioPlay":false,"sceneViewState":{"m_AlwaysRefresh":false,"showFog":true,"showSkybox":false,"showFlares":true,"showImageEffects":true,"showParticleSystems":true,"showVisualEffectGraphs":true,"m_FxEnabled":true},"in2DMode":false,"pivot":{"x":-22.78209114074707,"y":3.1876277923583986,"z":36.75272750854492},"rotation":{"x":0.03149192035198212,"y":0.013492945581674576,"z":-0.0004251630452927202,"w":0.9994131922721863},"size":3.5660252571105959,"orthographic":false}