{"cameraMode":{"drawMode":0,"name":"Shaded","section":"Shading Mode"},"sceneLighting":false,"audioPlay":false,"sceneViewState":{"m_AlwaysRefresh":false,"showFog":true,"showSkybox":false,"showFlares":true,"showImageEffects":true,"showParticleSystems":true,"showVisualEffectGraphs":true,"m_FxEnabled":true},"in2DMode":false,"pivot":{"x":-10.671393394470215,"y":6.314332008361816,"z":18.589792251586915},"rotation":{"x":0.13908036053180695,"y":0.4503662586212158,"z":-0.07122664898633957,"w":0.8790811896324158},"size":24.771865844726564,"orthographic":false}